	DrugBank_ID	DrugBank_Name	Indication	Targets	Proximity	Normalized_Enrichment_Score	FDR
0	DB09330	Osimertinib	Osimertinib is indicated for the treatment of patients with metastatic epidermal growth factor receptor (EGFR) T790M mutation-positive non-small cell lung cancer (NSCLC), as detected by an FDA- approved test, who have progressed on or after EGFR-TKI therapy.	EGFR	-4.825532475524339	2.4781991722912213	<0.0001
1	DB11963	Dacomitinib	"Dacomitinib is indicated as the first-line treatment of patients with metastatic non-small cell lung cancer (NSCLC) with epidermal growth factor receptor (EGFR) exon 19 deletion or exon 21 L858R substitution mutations as verified by an FDA-approved test.[L4812]

Lung cancer is the leading cause of cancer death and NSCLC accounts for 85% of lung cancer cases. From the cases of NSCLC, approximately 75% of the patients present a late diagnosis with metastatic and advanced disease which produces a survival rate of 5%. The presence of a mutation in EGFR accounts for more than the 60% of the NSCLC cases and the overexpression of EGFR is associated with frequent lymph node metastasis and poor chemosensitivity.[A40018, A19201]"	EGFR	-4.825532475524339	-1.7479455310407346	<0.0001
2	DB11828	Neratinib	For use as an extended adjuvant treatment in adult patients with early stage HER2-overexpressed/amplified breast cancer, to follow adjuvant trastuzumab-based therapy [FDA Label].	EGFR	-4.825532475524339	1.5474734310769929	<0.0001
3	DB05424	Canertinib	Investigated for use/treatment in breast cancer and lung cancer.	EGFR	-4.825532475524339	1.3753130789656358	<0.0001
4	DB00317	Gefitinib	For the continued treatment of patients with locally advanced or metastatic non-small cell lung cancer after failure of either platinum-based or docetaxel chemotherapies.	EGFR	-4.825532475524339	1.3643822131830545	<0.0001
5	DB12442	Alvespimycin	Investigated for use as an antineoplastic agent for solid tumors, advanced solid tumours or acute myeloid leukaemia. 	HSP90AA1	-4.556119388446258	-1.321682732036229	<0.0001
6	DB00663	Flumethasone	For the treatment of contact dermatitis, atopic dermatitis, exczema, psoriasis, diaper rash and other skin conditions	NR3C1	-4.517802239538131	1.90297269064047	<0.0001
7	DB00547	Desoximetasone	For the relief of the inflammatory and pruritic manifestations of corticosteroid-responsive dermatoses.	NR3C1	-4.517802239538131	-1.613023607021446	<0.0001
8	DB00394	Beclomethasone dipropionate	"Indicated for oral inhalation use in the maintenance treatment of asthma as prophylactic therapy in patients 5 years of age and older. The aerosol form of beclomethasone diproprionate is not indicated for the relief of acute bronchospasm.[L6871]

Indicated for intranasal use to relieve the symptoms of seasonal or perennial allergic and nonallergic (vasomotor) rhinitis and prevent the recurrence of nasal polyps following surgical removal.[L6880]

Indicated for the relief of the inflammatory and pruritic manifestations of corticosteroid-responsive dermatoses in patients 13 years of age and older.[L10782] Corticosteroid-responsive dermatoses include psoriasis, contact dermatitis (dermatitis venenata), atopic dermatitis (infantile eczema, allergic dermatitis), neurodermatitis (lichen simplex chronicus, lichen planus, eczema, eczematous dermatitis), intertrigo, dyshidroses (pompholyx), seborrheic dermatitis, exfoliative dermatitis, solar dermatitis, stasis dermatitis, and anogenital and senile pruritus.[L6886]"	NR3C1	-4.517802239538131	1.5544577335725716	<0.0001
9	DB00253	Medrysone	For the treatment of allergic conjunctivitis, vernal conjunctivitis, episcleritis, and epinephrine sensitivity.	NR3C1	-4.517802239538131	1.4864587897189723	<0.0001
10	DB00896	Rimexolone	For the treatment of postoperative inflammation following ocular surgery and in the treatment of anterior uveitis.	NR3C1	-4.517802239538131	-1.4439436326578345	<0.0001
11	DB00846	Flurandrenolide	For relief of the inflammatory and pruritic manifestations of corticosteroid-responsive dermatoses, particularly dry, scaling localized lesions	NR3C1	-4.517802239538131	-1.4172188355391966	<0.0001
12	DB00180	Flunisolide	For the maintenance treatment of asthma as a prophylactic therapy.	NR3C1	-4.517802239538131	-1.3482477198200058	<0.0001
13	DB15566	Prednisolone acetate	Prednisolone acetate is indicated as an anti-inflammatory or immunosuppressive agent for allergic, dermatologic, gastrointestinal, hematologic, ophthalmologic, nervous system, renal, respiratory, rheumatologic, or infectious conditions.[L9449] Prednisolone acetate is also indicated in organ transplant patients, as well as endocrine or neoplastic conditions.[L9449]	NR3C1	-4.517802239538131	1.3165691385290235	<0.0001
14	DB00620	Triamcinolone	"Triamcinolone hexacetonide injections are indicated for intralesional administration in alopecia areata, discoid lupus erythematosus, keloids, and necrobiosis lipoidica diabeticorum.[L8246] This formulation can also be used for localized hypertrophic infiltrated inflammatory lesions of granuloma annulare, lichen planus, lichen simplex chronicus, and psoriatic plaques.[L8246]

Triamcinolone acetonide spray and cream are indicated for the treatment of inflammatory and pruritic manifestations of corticosteroid responsive dermatoses.[L8249,L8258] A triamcinolone acetonide 10mg/mL or 40mg/mL injection is indicated intra-articularly for acute gouty arthritis, acute and subacute bursitis, acute nonspecific tenosynovitis, epicondylitis, rheumatoid arthritis, and synovitis of osteoarthritis.[L8252,L8255] The same 10mg/mL injection is indicated by the intralesional route for the treatment of alopecia areata, discoid lupus erythematosus, keloids, necrobiosis lipoidica diabeticorum, and tumors of an aponeurosis or tendon.[L8252] This formulation can also be used for localized hypertrophic infiltrated inflammatory lesions of granuloma annulare, lichen planus, lichen simplex chronicus, and psoriatic plaques.[L8252] The 40mg/mL injection is indicated intramuscularly for controlling severe allergic conditions such as asthma, atopic dermatitis, contact dermatitis, drug hypersensitivity, perennial or seasonal allergic rhinitis, serum sickness, and transfusion reactions; treatment of bullous dermatitis herpetiformis, exfoliative erythroderma, mycosis fungoides, pemphigus, Stevens-Johnson syndrome, congenital adrenal hyperplasia, hypercalcemia in
cancer, nonsuppurative thyroiditis, autoimmune hemolytic anemia, Diamond-Blackfan anemia, pure red cell aplasia, secondary thrombocytopenia, trichinosis, tuberculous meningitis, acute exacerbations of multiple sclerosis or cerebral edema, sympathetic ophthalmia, temporal arteritis, uveitis, ocular inflammation, berylliosis, idiopathic eosinophilic pneumonias, symptomatic sarcoidosis, dermatomyositis, polymyositis, and systemic lupus erythematosus; adjunct treatment of adrenocortical insufficiency, regional enteritis, ulcerative colitis, fulminating or disseminated pulmonary tuberculosis, acute gouty arthritis, acute rheumatic carditis, ankylosing spondylitis, psoriatic arthritis, rheumatoid arthritis; palliative management of leukemia and lymphoma; induction of diuresis or remission of proteinuria in idiopathic nephrotic syndrome or lupus erythematosus.[L8255] A triamcinolone intravitreal injection is indicated for the treatment of sympathetic ophthalmia, temporal arteritis, uveitis, and ocular inflammatory conditions.[L8261] The intravitreal injection is also used for visualization during vitrectomy.[L8261] An extended release suspension is indicated intra-articularly for management of pain in osteoarthritis of the knee.[L8264]

A triamcinolone acetonide suspension for injection into the suprachoroidal space is indicated for the treatment of macular edema associated with uveitis.[L38963]"	NR3C1	-4.517802239538131	1.1127890662659254	<0.0001
15	DB05134	Tanespimycin	Investigated for use/treatment in leukemia (myeloid) and solid tumors.	HSP90AA1, HSP90AB1	-4.510462928540997	-2.2120359910640617	<0.0001
16	DB08473	Dichlororibofuranosylbenzimidazole		CSNK2A1	-4.398929196931264	-1.7632360269837182	<0.0001
17	DB04462	Tetrabromo-2-Benzotriazole		CSNK2A1	-4.398929196931264	-1.5092557126677377	<0.0001
18	DB13877	Iniparib		PARP1	-4.349660617127457	-2.207999806736085	<0.0001
19	DB02690	NU1025		PARP1	-4.349660617127457	1.6630167716901427	<0.0001
20	DB03444	6-bromoindirubin-3'-oxime		GSK3B	-4.344977982542132	-1.919730723270722	<0.0001
21	DB01950	AR-AO-14418		GSK3B	-4.344977982542132	1.5939116738828711	<0.0001
22	DB07794	5-(2-PHENYLPYRAZOLO[1,5-A]PYRIDIN-3-YL)-1H-PYRAZOLO[3,4-C]PYRIDAZIN-3-AMINE		MAPK1	-4.1917126012493	2.1932017159083355	<0.0001
23	DB08521	4-[4-(4-Fluorophenyl)-2-[4-[(R)-methylsulfinyl]phenyl]-1H-imidazol-5-yl]pyridine		MAPK1, MAPK14	-4.089842649608241	1.6785420504035193	<0.0001
24	DB13978	Selisistat		SIRT1	-4.034003848485161	-2.315225258946036	<0.0001
25	DB03044	Doramapimod		MAPK14	-3.987972697967182	-2.7887511337941904	<0.0001
26	DB07138	Neflamapimod		MAPK14	-3.987972697967182	2.130731299257223	<0.0001
27	DB07460	2-({5-CHLORO-2-[(2-METHOXY-4-MORPHOLIN-4-YLPHENYL)AMINO]PYRIMIDIN-4-YL}AMINO)-N-METHYLBENZAMIDE		PTK2	-3.6634265581989047	-1.9541452218006718	<0.0001
28	DB04868	Nilotinib	For the potential treatment of various leukemias, including chronic myeloid leukemia (CML).	ABL1, KIT	-3.6291277902353585	1.239650074428349	<0.0001
29	DB06733	Bafilomycin A1		ATP6V1A	-3.600453179587328	-1.4962264424999205	<0.0001
30	DB07379	(2S)-2-({6-[(3-Amino-5-chlorophenyl)amino]-9-isopropyl-9H-purin-2-yl}amino)-3-methyl-1-butanol		CDK6	-3.5449330687551113	-1.3905452064927837	<0.0001
31	DB08881	Vemurafenib	"Vemurafenib is approved since 2011 for the treatment of metastatic melanoma with a mutation on BRAF in the valine located in the exon 15 at codon 600, this mutation is denominated as V600E.[A31270] The V600E mutation, a substitution of glutamic acid for valine, accounts for 54% of the cases of cutaneous melanoma.[A31271] 
Vemurafenib approval was extended in 2017, for its use as a treatment of adult patients with Erdheim-Chester Disease whose cancer cells present BRAF V600 mutation.[L1013] Erdheim-Chester disease is an extremely rare histiocyte cell disorder that affects large bones, large vessels, central nervous system, as well as, skin and lungs. It is reported an association of Erdheim-Chester disease and V600E mutation.[A31272]"	BRAF	-3.51515641300938	-1.974758370182931	<0.0001
32	DB06999	PLX-4720		BRAF	-3.51515641300938	-1.5541601484090128	<0.0001
33	DB12015	Alpelisib	Alpelisib is indicated in combination with fulvestrant to treat postmenopausal women, and men, with advanced or metastatic breast cancer.[Label] This cancer must be hormone receptor (HR)-positive, human epidermal growth factor receptor 2 (HER2)-negative, and PIK3CA­ mutated.[Label] The cancer must be detected by an FDA-approved test following progression on or after an endocrine-based regimen.[Label]	PIK3CA	-3.496567147098933	1.6358505732595794	<0.0001
34	DB07970	5-[(2-methyl-5-{[3-(trifluoromethyl)phenyl]carbamoyl}phenyl)amino]pyridine-3-carboxamide		EPHA7	-3.339583934797019	-2.393848729138258	<0.0001
35	DB07350	(2E)-N-hydroxy-3-[1-methyl-4-(phenylacetyl)-1H-pyrrol-2-yl]prop-2-enamide		HDAC8	-3.2661732420233527	-2.0014355177688112	<0.0001
36	DB02565	4-(dimethylamino)-N-[7-(hydroxyamino)-7-oxoheptyl]benzamide		HDAC8	-3.2661732420233527	-1.880439585174177	<0.0001
37	DB01167	Itraconazole	For the treatment of the following fungal infections in immunocompromised and non-immunocompromised patients: pulmonary and extrapulmonary blastomycosis, histoplasmosis, aspergillosis, and onychomycosis.	CYP51A1	-3.1447227059211196	-1.5827572565053536	<0.0001
38	DB07705	(S)-econazole		CYP51A1	-3.1447227059211196	-1.2279759383025948	<0.0001
39	DB11363	Alectinib	Alectinib is a kinase inhibitor indicated for the treatment of patients with anaplastic lymphoma kinase (ALK)-positive, metastatic non-small cell lung cancer (NSCLC) who have progressed on or are intolerant to crizotinib. This indication is approved under accelerated approval based on tumor response rate and duration of response. Continued approval for this indication may be contingent upon verification and description of clinical benefit in confirmatory trials.	ALK	-3.1390977778058256	-2.09566538268354	<0.0001
40	DB04960	Tipifarnib	Investigated for use/treatment in colorectal cancer, leukemia (myeloid), pancreatic cancer, and solid tumors.	FNTB	-3.110168173383112	1.4398948914654501	<0.0001
41	DB11781	Tosedostat		NPEPPS, LTA4H	-2.956848403479949	1.60159473753796	<0.0001
42	DB02918	Zardaverine		PDE4D	-2.924639513844814	1.4152618388797078	<0.0001
43	DB02424	Geldanamycin		HSP90AA1, HSP90AB1, HSP90B1	-2.8974055954219557	-2.0812813140711475	<0.0001
44	DB00700	Eplerenone	For improvement of survival of stable patients with left ventricular systolic dysfunction (ejection fraction <40%) and clinical evidence of congestive heart failure after an acute myocardial infarction.	NR3C2	-2.693036853412197	-1.3381291549716925	<0.0001
45	DB01253	Ergometrine	Used to treat postpartum haemorrhage and postabortion haemorrhage in patients with uterine atony. 	ADRA1A	-2.6313378548424207	1.4351847809286145	<0.0001
46	DB03759	FG-9041		GRIA2	-2.5479857538936974	1.3730191405179502	<0.0001
47	DB01013	Clobetasol propionate	Clobetasol propionate is indicated to treat moderate to severe plaque psoriasis[L11818,L118121,L11824] as well as inflammatory and pruritic manifestations of corticosteroid responsive dermatoses.[L11815,L11827]	NR3C2, NR3C1, ANXA1	-2.2940433407114003	1.589199080704611	<0.0001
48	DB12500	Fedratinib	Fedratinib is indicated to treat adults with primary or secondary myelofibrosis that is either intermediate-2 or high risk.[L8090]	JAK2, JAK1, FLT3	-2.2728271338195207	1.9118436437465136	<0.0001
49	DB00530	Erlotinib	"Erlotinib is indicated for:

- The treatment of metastatic non-small cell lung cancer (NSCLC) with tumors showing epidermal growth factor receptor (EGFR) exon 19 deletions or exon 21 (L858R) substitution mutations [FDA label]. 

- In combination with first-line treatment for patients diagnosed with locally advanced, unresectable or metastatic pancreatic cancer [FDA label].

The safety and efficacy of erlotinib have not been established for patients with NSCLC whose tumors show other EGFR mutations. Additionally it is not recommended for use in combination with platinum-based chemotherapy. [FDA label]"	EGFR, NR1I2	-2.248411702354106	1.4781006265836962	<0.0001
50	DB01259	Lapatinib	Indicated in combination with capecitabine for the treatment of patients with advanced or metastatic breast cancer whose tumors overexpress the human epidermal receptor type 2 (HER2) protein and who have received prior therapy including an anthracycline, a taxane, and trastuzuma.	EGFR, ERBB2	-2.248411702354106	-1.3122344121787908	<0.0001
51	DB01248	Docetaxel	For the treatment of patients with locally advanced or metastatic breast cancer after failure of prior chemotherapy. Also used as a single agent in the treatment of patients with locally advanced or metastatic non-small cell lung cancer after failure of prior platinum-based chemotherapy. It is also used in combination with prednisone, in the treatment of patients with androgen independent (hormone refractory) metastatic prostate cancer. Furthermore, docetaxel has uses in the treatment of gastric adenocarinoma and head and neck cancer. 	MAP2, MAP4, NR1I2, BCL2, MAPT, TUBB1	-2.176333858843772	1.362351554066015	<0.0001
52	DB01229	Paclitaxel	Used in the treatment of Kaposi's sarcoma and cancer of the lung, ovarian, and breast. Abraxane® is specfically indicated for the treatment of metastatic breast cancer and locally advanced or metastatic non-small cell lung cancer.	MAP2, MAP4, NR1I2, BCL2, MAPT, TUBB1	-2.176333858843772	1.2141604823067529	<0.0001
53	DB01380	Cortisone acetate	Cortisone acetate is indicated to treat a wide variety of endocrine, rheumatic, collagen, dermatologic, allergic, ophthalmic, respiratory, hematologic, neoplastic, edematous, and gastrointestinal diseases and disorders.[A226300,L13203]	NR3C1, ANXA1	-2.0945465843610016	1.7261965467437073	<0.0001
54	DB01222	Budesonide	Budesonide extended release capsules are indicated for the treatment and maintenance of mild to moderate Crohn’s disease.[L10601,L10604] Various inhaled budesonide products are indicated for prophylactic therapy in asthma[L10607,L10613,L10619] and reducing exacerbations of COPD.[L10619] A budesonide nasal spray is available over the counter for symptoms of hay fever and upper respiratory allergies.[L10616] Extended-release capsules are indicated to induce remission of mild to moderate ulcerative colitis[L10622] and a rectal foam is used for mild to moderate distal ulcerative colitis.[L10625] In addition, a delayed-release capsule formulation of budesonide is indicated to reduce proteinuria in adults with IgA nephropathy at risk of rapid disease progression.[L39479]	NR3C1, ANXA1	-2.0945465843610016	1.6056545587321354	<0.0001
55	DB14512	Mometasone furoate	There are 3 formulations of mometasone furoate with various indications. The inhaler is indicated for prophylaxis of asthma in patients ≥4 years[FDA Label]. The nasal spray is indicated for treating nasal symptoms of allergic rhinitis in patients ≥2 years, treating symptoms of nasal congestion from seasonal allergic rhinitis in patients ≥2 years, treating nasal polyps in patients ≥18 years, and prophylaxis of seasonal allergic rhinitis in patients ≥12 years[F4292]. The ointment is indicated for symptomatic treatment of dermatitis and pruritis in patients ≥2 years[F4295].	NR3C1, PGR	-2.0945465843610016	-1.1087887414671402	<0.0001
56	DB08756	Y-27632		ROCK1, ROCK2, PKIA, PRKACA	-2.0813681992506226	1.9784560807484048	<0.0001
57	DB13520	Metergoline		SCN2A	-2.010702490693134	-1.4399831782321342	<0.0001
58	DB07232	Veliparib		PARP2, PARP1	-2.0104757731556644	2.5793572461410292	<0.0001
59	DB01438	Phenazopyridine	Phenazopyridine hydrochloride is indicated to relieve uncomfortable symptoms that occur as a consequence of mucosal irritation of the lower urinary tract in adults.  The irritation may be a result of trauma, surgery, endoscopic procedures, infection, or the insertion of instruments or urinary catheters.[L7826] Phenazopyridine may be used in combination with antimicrobial therapy but is not used as an antimicrobial agent. It contributes to the relief of discomfort and pain before antimicrobial therapy begins to take effect.  It is important to note that the duration of treatment with this drug should last a maximum of 2 days.[L7826] Phenazopyridine is available in many countries as an over the counter drug.[A182147]	SCN1A	-1.8469808776633543	1.5984839808999216	<0.0001
60	DB09342	Propoxycaine	"Propoxycaine is a local anesthetic medication.  It was used beginning in the 1950s during dental procedures [L1591].  It has been combined with procaine to accelerate its onset of action and provide longer-lasting anesthetic effect [L1592].

It was produced for use when amide local anesthetics were contraindicated due to allergy or when several amide anesthetics were unsuccessful [L1592]."	SCN1A	-1.8469808776633543	-1.0691424833037664	<0.0001
61	DB08059	Wortmannin		PIK3CA, PLK1, PIK3CG, PIK3R1	-1.7346567360576823	-1.9560289439522227	<0.0001
62	DB15399	BMS-754807		INSR, IGF1R	-1.676784981678605	1.3012736359053545	<0.0001
63	DB08877	Ruxolitinib	"Ruxolitinib is indicated for the treatment of inte1mediate or high-risk myelofibrosis (MF), including prima1y MF, post-polycythemia vera MF and post-essential thrombocythemia MF in adults.[L31938] It is also indicated to treat disease-related splenomegaly or symptoms in adult patients with these conditions.[L32073]

Ruxolitinib is indicated for the treatment of polycythemia vera (PV) in adults who have had an inadequate response to or are intolerant of hydroxyurea.[L31938]

Ruxolitinib is indicated for the treatment of steroid-refracto1y acute graft-versus-host disease (GVHD) in adult and pediatric patients 12 years and older.[L31938]

Ruxolitinib is indicated for topical non-continuous and short-term treatment of mild to moderate atopic dermatitis in immunocompetent patients who are 12 years and older and whose disease is not adequately controlled with topical prescription therapies or when the topical prescription therapies are not advisable.[L39125]"	TYK2, JAK2, JAK1, JAK3	-1.6224430826606089	1.6220124036886816	<0.0001
64	DB08895	Tofacitinib	"For the treatment of moderate to severe rheumatoid arthritis which is resistant or intolerant to methotrexate therapy. It may also be used as an adjunct to methotrexate therapy, or other non-biologic disease-modifying antirheumatic drugs (DMARDS), when methotrexate alone is not sufficient.  

Tofacitinib has also been investigated as a preventative therapy for kidney transplant rejections, and as a treatment for psoriasis, ulcerative colitis, and ankylosing spondylitis. 

It is not to be initiated in patients with a history of chronic or recurrent infections, or in the presence of active infection, even if localized, due to reports of serious and sometimes fatal infections (commonly pneumonia, herpes zoster and urinary tract infections). Use of tofacitinib is also discouraged in those who have been, or are likely to be, exposed to TB. An increased likelihood of exposure may be encountered by traveling to certain areas. In addition, tofacitinib is not to be used in patients with severe hepatic impairment, or low hemoglobin (less than 9g/dL). Cautioned is advised when using tofacitinib in patients at risk of gastrointestinal perforation, and in the elderly who are more susceptible to infection.   "	TYK2, JAK2, JAK1, JAK3	-1.6224430826606089	1.561399015971912	<0.0001
65	DB09073	Palbociclib	"Palbociclib is indicated in combination with [letrozole] as initial endocrine-based therapy for the treatment of human epidermal growth factor receptor type 2 (HER2)-negative and hormone receptor(HR)-positive tumors in adult patients with advanced/metastatic breast cancer. It is as well approved in combination with [fulvestrant] in patients with disease progression with prior endocrine therapy.[A176783]

In the official labeling, the use of palbociclib should be accompanied with either an aromatase inhibition, no restricted to letrozole, as initial endocrine-based therapy in postmenopausal women or in man.[FDA label]

The breast cancer starts as a group of cancer cells that grow into and destroy the nearby breast tissue. This growth can spread into other parts of the body which is called metastasis. According to the location of the cancer cells, it can be categorized in ductal carcinoma and lobular carcinoma. However, other types of breast cancer include inflammatory breast cancer, Paget disease of the breast, triple negative breast cancer non-Hodgkin lymphoma and soft tissue sarcoma.[L5870] In males, breast cancer is usually treated as the cases of postmenopausal women and almost all the cases are ductal carcinoma.[L5873]"	CDK6, CDK4	-1.6081119989694919	2.1461677627939784	<0.0001
66	DB05984	RAF-265	Investigated for use/treatment in melanoma.	BRAF, KDR	-1.5932236710966263	1.9228616533288134	<0.0001
67	DB00694	Daunorubicin	"For remission induction in acute nonlymphocytic leukemia (myelogenous, monocytic, erythroid) of adults and for remission induction in acute lymphocytic leukemia of children and adults.

Daunorubicin is indicated in combination with [cytarabine] for the treatment of newly-diagnosed therapy-related acute myeloid leukemia (t-AML) or AML with myelodysplasia-related changes (AML-MRC) in adults and pediatric patients 1 year and older.[L32843]"	TOP2A, TOP2B	-1.566116809344411	-2.6636128215017245	<0.0001
68	DB00773	Etoposide	For use in combination with other chemotherapeutic agents in the treatment of refractory testicular tumors and as first line treatment in patients with small cell lung cancer. Also used to treat other malignancies such as lymphoma, non-lymphocytic leukemia, and glioblastoma multiforme.	TOP2A, TOP2B	-1.566116809344411	-1.732856964579075	<0.0001
69	DB00380	Dexrazoxane	For reducing the incidence and severity of cardiomyopathy associated with doxorubicin administration in women with metastatic breast cancer who have received a cumulative doxorubicin hydrochloride dose of 300 mg/m^2 and would benefit from continued doxorubicin therapy. Also approved for the treatment of extravasation from intravenous anthracyclines.	TOP2A, TOP2B	-1.566116809344411	1.7184933427001994	<0.0001
70	DB01115	Nifedipine	Nifedipine capsules are indicated to treat vasospastic angina and chronic stable angina.[L11383] Extended release tablets are indicated to treat vasospastic angina, chronic stable angina, and hypertension.[L11389,L1245]	CACNA1G, CACNA1S, CALM1, CACNA1C, CACNA1D, NR1I2, KCND3, CACNB2	-1.5437380818776647	-1.5314776017432479	<0.0001
71	DB00818	Propofol	Used for induction and/or maintenance of anaesthesia and for management of refractory status epilepticus. 	GABRB2, SCN2A, GABRB3, GABRA1, SCN4A	-1.5399799825882412	1.392626796077352	<0.0001
72	DB05266	Ibudilast	For the treatment of multiple sclerosis, asthma, and cerebrovascular disease.	PDE4C, PDE4B, PDE4A, PDE3A, PDE4D	-1.5185686747456697	-1.518874443373922	<0.0001
73	DB01782	Pyrazolanthrone		MAPK8, MAPK8IP1, MAPK10, TTK	-1.475158761148736	2.269388120704923	<0.0001
74	DB04297	Trichostatin A		HDAC7, HDAC8	-1.4687320856036126	-2.3518073638652686	<0.0001
75	DB05913	OSI-930	Investigated for use/treatment in solid tumors.	FLT1, KIT	-1.4570390768761796	2.1322310294908475	<0.0001
76	DB07859	4-(4-CHLOROPHENYL)-4-[4-(1H-PYRAZOL-4-YL)PHENYL]PIPERIDINE		AKT2, GSK3B, PKIA, PRKACA	-1.4245655829007526	2.2966421048240724	<0.0001
77	DB08073	(2S)-1-(1H-INDOL-3-YL)-3-{[5-(3-METHYL-1H-INDAZOL-5-YL)PYRIDIN-3-YL]OXY}PROPAN-2-AMINE		PRKACA, AKT2, PKIA, GSK3B	-1.4245655829007526	-1.730262347019224	<0.0001
78	DB08865	Crizotinib	Crizotinib is used for the treatment of locally advanced or metastatic non-small cell lung cancer (NSCLC) that is anaplastic-lymphoma kinase (ALK)-positive as detected by a FDA-approved test. 	MET, ALK	-1.405194353494849	-1.0545141690975754	<0.0001
79	DB00393	Nimodipine	For use as an adjunct to improve neurologic outcome following subarachnoid hemorrhage (SAH) from ruptured intracranial berry aneurysms by reducing the incidence and severity of ischemic deficits.	CACNA1S, CACNB3, CACNA1C, CACNB4, CACNA1D, AHR, CACNB2, NR3C2, CACNA1F, CACNB1	-1.3204915273711606	2.014446882452981	<0.0001
80	DB04149	(R)-Rolipram		PDE4D, PDE4B	-1.2979652215143433	1.4575206744662674	<0.0001
81	DB00717	Norethisterone	"Norethisterone is indicated as an oral contraceptive when given as monotherapy[L9527] or in combination with an estrogen component, such as [ethinylestradiol] or [estradiol].[L10313,L10307] In combination with an estrogen component, oral norethisterone is also indicated as a hormone replacement therapy in the treatment of postmenopausal osteoporosis and moderate-to-severe vasomotor symptoms arising from menopause.[L10304] When applied via transdermal patch, the combination of norethisterone and estradiol is indicated for the treatment of hypoestrogenism, vulvovaginal atrophy, and moderate-severe vasomotor symptoms.[L10301]

Norethisterone, taken in combination with intramuscular [leuprolide], is also indicated for the symptomatic treatment of endometriosis-related pain.[L10310]"	AR, NR3C1, PGR	-1.2867946993019588	1.4943006431973194	<0.0001
82	DB08912	Dabrafenib	"Tafinlar is a kinase inhibitor that was initially indicated as a single agent for the treatment of patients with unresectable or metastatic melanoma with BRAF V600E mutation as detected by an FDA-approved test [FDA label].

Tafinlar in combination with [DB08911] is indicated for the treatment of patients with unresectable or metastatic melanoma with BRAF V600E or V600K mutations as detected by an FDA-approved test. The use in combination is based on the demonstration of durable response rate. Improvement in disease-related symptoms or overall survival has not been demonstrated for Tafinlar in combination with trametinib [FDA label].

In May 2018, Tafinlar (dabrafenib) and Mekinist ([DB08911]) have been approved in combination to treat anaplastic thyroid cancer caused by an abnormal BRAF V600E gene [L2712]."	LIMK1, RAF1, SIK1, BRAF, NEK11	-1.2842561757069055	1.9849411665602217	<0.0001
83	DB09074	Olaparib	"Olaparib is a poly (ADP-ribose) polymerase (PARP) inhibitor indicated for the treatment of:

- Ovarian cancer, in which the medication is intended for [a] the maintenance treatment of adult patients with recurrent epithelial ovarian, fallopian tube or primary peritoneal cancer, who are in complete or partial response to platinum-based chemotherapy, or [b] for the treatment of adult patients with deleterious or suspected deleterious germline BRCA-mutated (gBRCAm) advanced ovarian cancer who have been treated with three or more prior lines of chemotherapy [FDA Label]. Select patients for therapy based on an FDA-approved companion diagnostic for olaparib [FDA Label].

- Breast cancer, in which the medication is intended for use in patients with deleterious or suspected deleterious gBRCAm, human epidermal growth factor receptor 2 (HER2)-negative metastatic breast cancer who have previously been treated with chemotherapy in the neoadjuvant, adjuvant or metastatic setting. Patients with hormone receptor (HR)-positive breast cancer should have been treated with a prior endocrine therapy or be considered inappropriate for endocrine treatment [FDA Label]. Select patients for therapy based on an FDA-approved companion diagnostic for olaparib [FDA Label]."	PARP2, PARP3, PARP1	-1.2307474918317338	2.0525694116638373	<0.0001
84	DB12332	Rucaparib	Indicated as monotherapy for the treatment of patients with deleterious BRCA mutation (germline and/or somatic) associated advanced ovarian cancer who have been treated with two or more chemotherapies. Select patients for therapy based on an FDA-approved companion diagnostic for rucaparib.	PARP2, PARP3, PARP1	-1.2307474918317338	-1.8936534847735864	<0.0001
85	DB02587	Colforsin		ADCY5, ADCY2, CFTR, GNAS	-1.2010347998248778	-1.947909775136096	<0.0001
86	DB00343	Diltiazem	"**Oral**

Indicated for the management of hypertension, to lower blood pressure, alone or in combination with other antihypertensive agents.[L10556]

Indicated for use to improve exercise tolerance in patients with chronic stable angina.[L10556]

Indicated for the management of variant angina (Prinzmetal's angina).[L6298]

**Intravenous**

Indicated for the short-term management of atrial fibrillation or atrial flutter for temporary control of rapid ventricular rate.[L6292]

Indicated for the rapid conversion of paroxysmal supraventricular tachycardias (PSVT) to sinus rhythm. This includes AV nodal reentrant tachycardias and reciprocating tachycardias associated with an extranodal accessory pathway such as the WPW syndrome or short PR syndrome.[L6292]

**Off-label**

Indicated for off-label uses in anal fissures (as topical formulation), migraine prophylaxis, cramps in lower leg related to rest, pulmonary hypertension,[L6289] idiopathic dilated cardiomyopathy, and proteinuria associated with diabetic nephropathy.[L6298]"	CACNG1, CACNA1C	-1.1936803595576382	1.254791206295426	<0.0001
87	DB04513	N-(6-Aminohexyl)-5-Chloro-1-Naphthalenesulfonamide		TNNI3, TNNC1, CALM1	-1.1863221291334456	1.6861476098873356	<0.0001
88	DB06152	Nylidrin	Nylidrin is mainly indicated in conditions like arteriosclerosis, cerebrovascular disease, peripheral vascular disease, Raynaud's disease, thrombo-angitis obliterans, and thrombophlebitis [L2285]. It may sometimes be used in the treatment of peripheral vascular disorders in addition premature labor (however, the drug is not approved for premature labor)[A32531].	CACNA1I, IFNAR2	-1.1311873056007704	-1.75722089239443	<0.0001
89	DB01205	Flumazenil	For the complete or partial reversal of the sedative effects of benzodiazepines in cases where general anesthesia has been induced and/or maintained with benzodiazepines, and where sedation has been produced with benzodiazepines for diagnostic and therapeutic procedures. Also for the management of benzodiazepine overdose as an adjunct for appropriate supportive and symptomatic measures.	GABRA1, GABRG2, GABRA5	-1.1220210086098314	-1.4497048079652222	<0.0001
90	DB08399	Piceatannol		ATP5F1A, ATP5F1B, ATP5F1C	-1.1180013363609103	-1.371834746340067	<0.0001
91	DB00630	Alendronic acid	Alendronic acid is indicated for the treatment and prevention of osteoporosis in men and postmenopausal women, treatment of glucocorticoid-induced osteoporosis, and Paget's disease of bone[FDA Label][A959,A176750]. However, alendronic acid is not indicated for use in pediatric populations or patients with a creatinine clearance <35mL/min[FDA Label].	PTPN4, FDPS, PTPRE, ATP6V1A, PTPRS	-1.0942168867161843	-1.6384621975713574	<0.0001
92	DB02052	Indirubin-3'-monoxime		AHR, GSK3B, CDK5R1, CDK1, CDK5, CDK2	-1.0567598289603775	-1.1718573114308886	<0.0001
93	DB01254	Dasatinib	For the treatment of adults with chronic, accelerated, or myeloid or lymphoid blast phase chronic myeloid leukemia with resistance or intolerance to prior therapy. Also indicated for the treatment of adults with Philadelphia chromosome-positive acute lymphoblastic leukemia with resistance or intolerance to prior therapy.	STAT5B, PPAT, SRC, YES1, LCK, ABL1, EPHA5, CSK, HSPA8, KIT, FYN, NR4A3, ABL2, LYN, EPHA2, BTK, MAPK14, FRK, EPHB4, BCR, FGR, MAP3K20, PDGFRB	-1.037139053943175	-1.9476099336851065	<0.0001
94	DB09237	Levamlodipine	Levamlodipine is indicated alone or in combination to treat hypertension in adults and children.[L10833]	CACNA1D, NOS2, NOS3, CACNA1C	-0.9982417563131144	-1.308465342903874	<0.0001
95	DB01092	Ouabain	For the treatment of atrial fibrillation and flutter and heart failure	ATP1A2, ATP1A1, ATP1A3	-0.9905156073312029	1.5743857418269982	<0.0001
96	DB06155	Rimonabant	For use in conjunction with diet and exercise for patients with a body mass index greater than 30 kg/m<sup>2</sup>, or patients wih a BMI greater than 27 kg/m<sup>2</sup> with associated risk factors, such as type 2 diabetes or dyslipidaemia.	CNR1, GPR55	-0.9706498973608241	-1.8114830239579676	<0.0001
97	DB12340	Navitoclax		BAD, BCL2, BCL2L2	-0.9672918662133636	1.2825104291638223	<0.0001
98	DB05465	Tandutinib	Investigated for use/treatment in leukemia (myeloid).	PDGFD, FLT3	-0.9586816892849942	-1.3969475456509979	<0.0001
99	DB06195	Seliciclib	Investigated for use/treatment in breast cancer, lung cancer, lymphoma (unspecified), multiple myeloma, leukemia (lymphoid), and cancer/tumors (unspecified).	CSNK1E, CDK9, MAPK1, CDK1, CDK7, MAPK3, CDK2	-0.902119190969712	-1.8411867402136501	<0.0001
100	DB07080	TO-901317		RXRB, NCOA2, NR1I2, NCOA1, NR1H3, NR1H2	-0.8955897260970465	-1.5311539067384905	<0.0001
101	DB00292	Etomidate	Used in the induction of general anesthesia.	GABRA1, ADRA2B	-0.8905893921747708	1.3704607572607947	<0.0001
102	DB12116	Epigallocatechin gallate		AHR, DHFR2, DNMT1	-0.8843330442841292	2.0207396484595255	<0.0001
103	DB00499	Flutamide	For the management of locally confined Stage B2-C and Stage D2 metastatic carcinoma of the prostate	AHR, NR1I2, AR	-0.8843330442841292	1.4490301776712846	<0.0001
104	DB00834	Mifepristone	For the medical termination of intrauterine pregnancy through 49 days' pregnancy. Also indicated to control hyperglycemia secondary to hypercortisolism in adult patients with endogenous Cushing's syndrome who have type 2 diabetes mellitus or glucose intolerance and are not candidates for surgery or have had unsuccessful surgery.	KLK3, NR3C1, NR1I2, PGR	-0.8829187567724371	1.7314532731786012	<0.0001
105	DB08175	(2E,4E)-11-METHOXY-3,7,11-TRIMETHYLDODECA-2,4-DIENOIC ACID		RXRB, NR1H3, NCOA2	-0.8814677369155494	-2.0190330793905664	<0.0001
106	DB07863	2-chloro-5-nitro-N-phenylbenzamide		PPARG, NCOA2, RXRA	-0.8814677369155494	1.7335208931389388	<0.0001
107	DB03758	Radicicol		DLAT, HSP90AB1, HSP90B1, PDK3	-0.8696698140468384	-1.312708856213535	<0.0001
108	DB00675	Tamoxifen	Tamoxifen is indicated to treat estrogen receptor positive metastatic breast cancer in adults, as an adjuvant in the treatment of early stage estrogen receptor positive breast cancer in adults, to reduce the risk of invasive breast cancer after surgery and radiation in adult women with ductal carcinoma in situ.[L7802]	MAPK8, ESR1, ESR2, PRKCA, NR1I2, ESRRG, SHBG, KCNH2, EBP, AR	-0.8485919991934147	2.1184236985693983	<0.0001
109	DB03496	Alvocidib	Investigated for use/treatment in esophageal cancer, leukemia (lymphoid), lung cancer, liver cancer, and lymphoma (unspecified).	CDK6, PYGM, CDK9, CDK4, PYGB, EGFR, CDK8, CDK1, CDK7, CDK5, CDK2	-0.8477376300452232	-1.4892931441757313	<0.0001
110	DB07997	N-[2-(METHYLAMINO)ETHYL]-5-ISOQUINOLINESULFONAMIDE		PKIA, PRKACA	-0.8409967099385032	1.0617098537948757	<0.0001
111	DB02701	Nicotinamide		BST1, SIRT5, PARP1, LDHA	-0.8408833511697685	-1.3108673227160195	<0.0001
112	DB01023	Felodipine	For the treatment of mild to moderate essential hypertension. 	CACNA2D2, CACNA1S, CACNA1H, PDE1A, CALM1, CACNA1C, CACNA1D, TNNC2, CACNA2D1, CACNB2, NR3C2, PDE1B, TNNC1	-0.8324879218499862	1.3148811756593919	<0.0001
113	DB00831	Trifluoperazine	For the treatment of anxiety disorders, depressive symptoms secondary to anxiety and agitation.	CALM1, S100A4, DRD2, ADRA1A, TNNC1, CALY	-0.8204309533911396	1.4736272371338297	<0.0001
114	DB01100	Pimozide	Used for the suppression of motor and phonic tics in patients with Tourette's Disorder who have failed to respond satisfactorily to standard treatment.	CALM1, DRD3, DRD2, KCNH2	-0.8075643291460523	1.4876970379281695	<0.0001
115	DB02116	Olomoucine		CDK1, CDK5, CDK2, MAPK1	-0.8013963472002293	-1.8452786625221913	<0.0001
116	DB08080	Latrunculin B		SPIRE2, MRTFA, ACTA1	-0.7661752297607524	1.971468643596828	<0.0001
117	DB05470	VX-702	Investigated for use/treatment in coronary artery disease, inflammatory disorders (unspecified), and rheumatoid arthritis.	IL1B, MAPK14, TNF, IL6	-0.7504613713796999	1.3161504936889021	<0.0001
118	DB01054	Nitrendipine	For the treatment of mild to moderate hypertension	CACNA2D2, CACNA1S, CACNA1H, CACNA1C, CACNA1D, CACNA2D1, CACNB2	-0.7468225549813631	-1.3936902355814298	<0.0001
119	DB05294	Vandetanib	Vandetanib is currently approved as an alternative to local therapies for both unresectable and disseminated disease. Because Vandetanib can prolong the Q-T interval, it is contraindicated for use in patients with serious cardiac complications such as congenital long QT syndrome and uncompensated heart failure. 	PTK6, VEGFA, TEK, EGFR, RET	-0.7021392384519659	-2.3559038809660593	<0.0001
120	DB00622	Nicardipine	Used for the management of patients with chronic stable angina and for the treatment of hypertension.	CHRM1, PDE1A, CALM1, CACNA1C, CACNA1D, CHRM2, CHRM4, CACNB2, CACNA2D1, ADRA1A, PDE1B, CHRM5, ADRA1B, CHRM3, ADRA1D	-0.6735483895898527	2.350458673824786	<0.0001
121	DB00598	Labetalol	Labetalol injections are indicated to control blood pressure in severe hypertension.[L7727] Labetalol tablets are indicated alone or in combination with antihypertensives like thiazides and loop diuretics to manage hypertension.[L7730]	ADRB1, ADRB2, ADRA1A	-0.657973237736722	-1.3616193466136775	<0.0001
122	DB14649	Dexamethasone acetate		NOS2, NR0B1, NR3C1, NR1I2, ANXA1	-0.6405931912547242	-1.4920006367281664	<0.0001
123	DB01234	Dexamethasone	Dexamethasone and [ciprofloxacin] otic suspension is indicated for bacterial infections with inflammation in acute otitis media and acute otitis externa.[L10698] Intramuscular and intravenous injections are indicated for a number of endocrine, rheumatic, collagen, dermatologic, allergic, ophthalmic, gastrointestinal, respiratory, hematologic, neoplastic, edematous, and other conditions.[L10701] Oral tablets are indicated for the treatment of multiple myeloma.[L10710] An intravitreal implant is indicated for some forms of macular edema and non-infectious posterior uveitis affecting the posterior of the eye.[L10719] Various ophthalmic formulations are indicated for inflammatory conditions of the eye.[L10704,L10707,L10713,L10716,L10722,L10725]	NOS2, NR0B1, NR3C1, NR1I2, ANXA1	-0.6405931912547242	1.4417163559831385	<0.0001
124	DB00313	Valproic acid	"**Indicated** for:[Label] 

1) Use as monotherapy or adjunctive therapy in the management of complex partial seizures and simple or complex absence seizures. 

2) Adjunctive therapy in the management of multiple seizure types that include absence seizures. 

3) Prophylaxis of migraine headaches.

4) Acute management of mania associated with bipolar disorder.


**Off-label** uses include:
 
1) Maintenance therapy for bipolar disorder.[A177919]

2) Treatment for acute bipolar depression.[A177928,A177931,A177934]

3) Emergency treatment of status epilepticus.[A177955]"	HDAC9, ALDH5A1, PPARA, PPARD, HDAC2, ACADSB, PPARG, OGDH, SCN1A	-0.6340473602475019	-1.5805440766937418	<0.0001
125	DB00925	Phenoxybenzamine	For the treatment of phaeochromocytoma (malignant), benign prostatic hypertrophy and malignant essential hypertension.	ADRA2C, CALM1, ADRA1A, ADRA1B, ADRA2A, ADRB2, ADRA1D, ADRA2B	-0.6094334948722809	-1.363023351874389	<0.0001
126	DB04216	Quercetin		UGT3A1, PIK3CG, RUVBL2, AHR, ATP5F1B, CYP1B1, UBA1, ACTB, CSNK2A1, ESR2, CEBPB, HIBCH, SF3B3, SHBG, HSP90AA1, ESR1, HSPA2, ATP5F1C, ATP5F1A, PIM1, NQO2, NR1I2, STK17B, HCK, EIF3F, CSNK2B, CBR1	-0.6003914041367617	1.6095564961036546	<0.0001
127	DB07557	3,20-Pregnanedione		NCOA1, NR1I3, AKR1D1, RXRA	-0.6001065187548759	1.7127724065153693	<0.0001
128	DB04841	Flunarizine	Used in the prophylaxis of migraine, occlusive peripheral vascular disease, vertigo of central and peripheral origin, and as an adjuvant in the therapy of epilepsy.	CACNA1G, CACNA1H, CACNA1I, CALM1, HRH1	-0.5803096491536163	-1.2083507161391076	<0.0001
129	DB08896	Regorafenib	Regorafenib is indicated for the treatment of patients with metastatic colorectal cancer (CRC) who have been previously treated with fluoropyrimidine-, oxaliplatin- and irinotecan-based chemotherapy, an anti-VEGF therapy, and, if KRAS wild type, an anti-EGFR therapy. Regorafenib is also indicated for the treatment of patients with locally advanced, unresectable or metastatic gastrointestinal stromal tumour (GIST) who have been previously treated with imatinib mesylate and sunitinib malate. Regorafenib is also indicated for the treatment of patients with hepatocellular carcinoma (HCC) previously treated with sorafenib.[L16835]	FLT4, ABL1, RAF1, FGFR2, TEK, KDR, DDR2, FGFR1, EPHA2, FLT1, NTRK1, BRAF, MAPK11, KIT, PDGFRB, FRK, RET, PDGFRA	-0.5590964822237691	2.3036601457721346	<0.0001
130	DB01069	Promethazine	Promethazine tablets and suppositories are indicated to treat rhinitis, allergic conjunctivitis, allergic reactions to blood or plasma, dermographism, anaphylactic reactions, sedation, nausea, vomiting, pain, motion sickness, and allergic skin reactions.[A189907,L4000] Promethazine cough syrup with phenylephrine and codeine is indicated to relieve cough and upper respiratory symptoms, and nasal congestion associated with allergy or the common cold.[L11326]	CHRM1, CALM1, CHRM2, DRD2, ADRA1A, CHRM5, CHRM3, HRH2, CHRM4, HRH1, SCN1A	-0.5513664268190315	-1.5524073674617613	<0.0001
131	DB00619	Imatinib	For the treatment of Philadelphia chromosome positive chronic myeloid leukemia (Ph+ CML), Ph+ acute lymphoblastic leukaemia, myelodysplastic/myeloproliferative diseases, aggressive systemic mastocytosis, hypereosinophilic syndrome and/or chronic eosinophilic leukemia (CEL), dermatofibrosarcoma protuberans, and malignant gastrointestinal stromal tumors (GIST).	BCR, KIT, ABL1, CSF1R, DDR1, NTRK1, RET, PDGFRB, PDGFRA	-0.5508102316397583	2.165983933105056	<0.0001
132	DB07841	Geranylgeranyl diphosphate		RABGGTB, RABGGTA, FDPS, FNTB, PGGT1B, GGPS1, FNTA	-0.5303850383840844	-1.628712060418109	<0.0001
133	DB00756	Hexachlorophene	For use as a surgical scrub and a bacteriostatic skin cleanser. It may also be used to control an outbreak of gram-positive infection where other infection control procedures have been unsuccessful.	ESR1, GLUD1, SDHD	-0.5125888267037874	2.323210954441313	<0.0001
134	DB00201	Caffeine	Caffeine is indicated for the short term treatment of apnea of prematurity in infants and off label for the prevention and treatment of bronchopulmonary dysplasia caused by premature birth.[T716,L9851] In addition, it is indicated in combination with sodium benzoate to treat respiratory depression resulting from an overdose with CNS depressant drugs.[L9899] Caffeine has a broad range of over the counter uses, and is found in energy supplements, athletic enhancement products, pain relief products, as well as cosmetic products.[T716,L9854,L9872]	ITPR1, ADORA2B, PDE1A, ADORA1, PRKDC, PDE4B, ADORA2A, ADORA3, RYR1, PIK3CB, PDE1B, ATM, PIK3CA, PIK3CD	-0.5071487851075028	1.6372819804660108	<0.0001
135	DB00396	Progesterone	"**Gelatinized capsules**

The gelatinized capsules are indicated for use in the prevention of endometrial hyperplasia in non-hysterectomized postmenopausal women who are receiving conjugated estrogens tablets. They are also indicated for use in secondary amenorrhea [FDA label]. 

**Vaginal gel**

Progesterone gel (8%) is indicated as progesterone supplementation or replacement as part of an Assisted Reproductive Technology (“ART”) treatment for infertile women with progesterone deficiency.  The lower concentration progesterone gel (4%) is used in the treatment of secondary amenorrhea, with the use of the 8% concentration if there is no therapeutic response to the 4% gel [F3898].

**Vaginal insert**

This form is indicated to support embryo implantation and early pregnancy by supplementation of corpus luteal function as part of an Assisted Reproductive Technology (ART) treatment program for infertile women [F3901].

**Injection (intramuscular)**

This drug is indicated in amenorrhea and abnormal uterine bleeding due to hormonal imbalance in the absence of organic pathology, such as submucous fibroids or uterine cancer [F3907]. 

**Tablets, contraceptive**

The tablet form of progesterone in contraceptive formulations is indicated for the prevention of pregnancy [F3904]. "	ORM1, ESR1, OPRK1, CYP17A1, NR3C1, ESR2, NR3C2, PGR, SHBG, AR	-0.4581166526421308	1.642061799433267	<0.0001
136	DB07995	H-89		HASPIN, PKIA, PRKACA	-0.45109478302029293	1.661766400207635	<0.0001
137	DB06616	Bosutinib	Treatment of chronic, accelerated, or blast phase Philadelphia chromosome-positive (Ph+) chronic myelogenous leukemia (CML) with resistance or intolerance to prior therapy in adult patients. 	BCR, LYN, ABL1, MAP2K1, CAMK2G, HCK, SRC, MAP2K2, CDK2, MAP3K2	-0.41661671420753627	-2.520949819422774	<0.0001
138	DB01088	Iloprost	Used for the treatment of pulmonary arterial hypertension.	PLAT, PTGDR2, PDE4C, PDE4B, PDE4A, PDE4D, PTGER1, PTGIR	-0.41621751188917855	2.0410747088816876	<0.0001
139	DB00692	Phentolamine	Used as an aid for the diagnosis of pheochromocytoma, and may be administered immediately prior to or during pheochromocytomectomy to prevent or control paroxysmal hypertension resulting from anesthesia, stress, or operative manipulation of the tumor. Phentolamine has also been used to treat hypertensive crisis caused by sympathomimetic amines or catecholamine excess by certain foods or drugs in patients taking MAO inhibitors, or by clonidine withdrawal syndrome. Other indications include the prevention of dermal necrosis and sloughing following IV administration or extravasation of norepinephrine, decrease in impedance to left ventricular ejection and the infarct size in patients with MI associated with left ventricular failure, treatment of erectile dysfunction through self-injection of small doses combined with papaverine hydrochloride into the corpus cavernosum, and as an adjunct to the management of cocaine overdose to reverse coronary vasoconstriction following use of oxygen, benzodiazepines,and nitroglycerin. 	ADRA1A, ADRA1D, ADRA1B, ADRA2A	-0.4113026605985096	1.694021741690013	<0.0001
140	DB01622	Thioproperazine	For the treatment of all types of acute and chronic schizophrenia, including those which did not respond to the usual neuroleptics; manic syndromes.	DRD1, ADRA1A, ADRA1B, DRD2	-0.4113026605985096	-1.6619894058219649	<0.0001
141	DB00268	Ropinirole	For the treatment of the signs and symptoms of Parkinson's disease and for the treatment of primary moderate-severe restless legs syndrome [FDA label].	DRD4, DRD3, ADRA1A, DRD2	-0.4113026605985096	-1.2732182341605356	<0.0001
142	DB01076	Atorvastatin	"Atorvastatin is indicated for the treatment of several types of dyslipidemias, including primary hyperlipidemia and mixed dyslipidemia in adults, hypertriglyceridemia, primary dysbetalipoproteinemia, homozygous familial hypercholesterolemia, and heterozygous familial hypercholesterolemia in adolescent patients with failed dietary modifications.[A177397]

Dyslipidemia describes an elevation of plasma cholesterol, triglycerides or both as well as to the presence of low levels of high-density lipoprotein. This condition represents an increased risk for the development of atherosclerosis.[L6025] 

Atorvastatin is indicated, in combination with dietary modifications, to prevent cardiovascular events in patients with cardiac risk factors and/or abnormal lipid profiles.[A177397]

Atorvastatin can be used as a preventive agent for myocardial infarction, stroke, revascularization, and angina, in patients without coronary heart disease but with multiple risk factors and in patients with type 2 diabetes without coronary heart disease but multiple risk factors.[A177397]

Atorvastatin may be used as a preventive agent for non-fatal myocardial infarction, fatal and non-fatal stroke, revascularization procedures, hospitalization for congestive heart failure and angina in patients with coronary heart disease.[A177397]

Prescribing of statin medications is considered standard practice following any cardiovascular events and for people with a moderate to high risk of development of CVD. Statin-indicated conditions include diabetes mellitus, clinical atherosclerosis (including myocardial infarction, acute coronary syndromes, stable angina, documented coronary artery disease, stroke, trans ischemic attack (TIA), documented carotid disease, peripheral artery disease, and claudication), abdominal aortic aneurysm, chronic kidney disease, and severely elevated LDL-C levels.[A181087, A181406]"	HDAC2, AHR, DPP4, NR1I3, HMGCR	-0.3991161982440266	1.7903281771574653	<0.0001
143	DB00564	Carbamazepine	Carbamazepine is indicated for the treatment of epilepsy and pain associated with true trigeminal neuralgia.[L1335] In particular, carbamazepine has shown efficacy in treating mixed seizures, partial seizures with complex symptoms, and generalized tonic-clonic seizures.[A180301,L1335] Carbamazepine is also indicated for the treatment of manic episodes and mixed manic-depressive episodes caused by bipolar I disorder.[L1335] Some off-label, unapproved uses of carbamazepine include the treatment of alcohol withdrawal syndrome and restless leg syndrome.[A180415,A180421]	NR1I2, CHRNA4, SCN1A	-0.39652091201036643	-1.7579398822648955	<0.0001
144	DB04599	Aniracetam		GRIA2, HTR2A, GRIA3, DRD2	-0.39046463536132875	-1.57288929365009	<0.0001
145	DB02546	Vorinostat	For the treatment of cutaneous manifestations in patients with cutaneous T-cell lymphoma who have progressive, persistent or recurrent disease on or following two systemic therapies.	HDAC2, HDAC8, HDAC6, HDAC3, HDAC1	-0.39026739175176856	-2.5856282601555662	<0.0001
146	DB00608	Chloroquine	"Chloroquine is indicated to treat infections of _P. vivax_, _P. malariae_, _P. ovale_, and susceptible strains of _P. falciparum_.[L12051] It is also used to treat extraintestinal amebiasis.[L12051]

Chloroquine is also used off label for the treatment of rheumatic diseases,[A191655] as well as treatment and prophylaxis of Zika virus.[A191649,A191652] Chloroquine is currently undergoing clinical trials for the treatment of COVID-19.[A191631]"	ACE2, TLR9, GSTA2, GSTM1, HMGB1, TNF	-0.3886063794251792	-1.5008185397359117	<0.0001
147	DB02709	Resveratrol	Being investigated for the treatment of Herpes labialis infections (cold sores).	CLEC14A, AHR, ITGB3, MTNR1B, CSNK2A1, PPARG, AKT1, ALOX15, ITGA5, ALOX5, APP, PTGS1, MTNR1A, KHSRP, ESR1, PI4K2B, NR1I3, YARS1, PTGS2, NQO2, SLC2A1, SNCA, NR1I2, CBR1, SIRT1, PPARA	-0.36883497021686773	2.465086304030735	<0.0001
148	DB00280	Disopyramide	For the treatment of documented ventricular arrhythmias, such as sustained ventricular tachycardia, ventricular pre-excitation and cardiac dysrhythmias. It is a Class Ia antiarrhythmic drug.	CHRM1, ORM2, CHRM2, KCND2, KCND3, CHRM3, KCNH2, SCN5A	-0.36768149754435314	1.445067115886651	<0.0001
149	DB13956	Estradiol valerate	"Estradiol valerate is commercially available as an intramuscular injection as the product Delestrogen and is indicated for the treatment of moderate to severe vasomotor symptoms and vulvovaginal atrophy due to menopause, for the treatment of hypoestrogenism due to hypogonadism, castration or primary ovarian failure, and for the treatment of advanced androgen-dependent carcinoma of the prostate (for palliation only). 

Estradiol valerate is also available in combination with [DB09123] as the commercially available product Natazia used for the prevention of pregnancy and for the treatment of heavy menstrual bleeding."	BECN1, MT-ATP6, GPER1, NCOA2, ESR1, NR1I2, ESR2, HSD17B2, ESRRG, CHRNA4	-0.36431625276180024	1.6116504208027391	<0.0001
150	DB01104	Sertraline	"Sertraline is indicated for the management of major depressive disorder (MDD), post-traumatic stress disorder (PTSD), obsessive-compulsive disorder (OCD), panic disorder (PD), premenstrual dysphoric disorder (PMDD), and social anxiety disorder (SAD).[L9016] Common off-label uses for sertraline include the prevention of post stroke depression[A187078], generalized anxiety disorder (GAD), fibromyalgia, premature ejaculation, migraine prophylaxis, diabetic neuropathy, and neurocardiogenic syncope.[L5227]
"	SLC29A4, PGRMC1, SLC6A4, SLC6A2, SLC6A3	-0.355535555732529	1.9076213168557523	<0.0001
151	DB00421	Spironolactone	"Spironolactone is indicated for the treatment of New York Heart Association Class III-IV heart failure, management of edema in cirrhotic adults not responsive to fluid and sodium restrictions, primary hyperaldosteronism short-term preoperatively, primary hyperaldosteronism long-term in patients with aldosterone producing adrenal adenomas that are not candidates for surgery or patients with bilarteral micro/macronodular adrenal hyperplasia, as an add-on therapy in hypertension, and in nephrotic syndrome when treatment of the disease as well as fluid and sodium restriction with other diuretics is inadequate.[Label]

Spironolactone has antiandrogenic activity which leads to many of its off label uses. Spironolactone is used off label in the treatment of hirsutism, female pattern hair loss, and adult acne vulgaris.[A178135]

Spironolactone is also frequently used for its antiandrogenic effects in transgender female patients due to its low cost and reducing male-pattern hair growth.[A178138]"	SRD5A1, CACNG1, CYP17A1, NR1I2, NR3C1, NR3C2, PGR, SHBG, AR, CYP11B2	-0.33605657658939797	-1.6690576987412822	<0.0001
152	DB00836	Loperamide	For the control and symptomatic relief of acute nonspecific diarrhea and of chronic diarrhea associated with inflammatory bowel disease or gastroenteritis. Also used for reducing the volume of discharge from ileostomies.	OPRD1, CALM1, OPRK1, OPRM1, NR1I3, POMC, CACNA1A	-0.32059001487654665	2.021380558193004	<0.0001
153	DB04447	1,4-Dithiothreitol		PPIB, TPI1, MSRA, GSTZ1, AXIN1, LGALS1, CAMK2A, TRPM7, ALDH1A1, HMGCR	-0.2886780217442185	2.1623967442173466	<0.0001
154	DB01183	Naloxone	"Naloxone nasal sprays are indicated for the emergency treatment of an opioid overdose or suspected opioid overdose.[L33694] Intramuscular, intravenous, and subcutaneous injections are indicated for complete or partial reversal of opioid depression, diagnosis of known or suspected opioid overdose, and as an adjunct therapy in the treatment of septic shock.[L33739]

Sublingual tablets and films are formulated with [buprenorphine] for the treatment of opioid dependence.[L33714,L33719] Naloxone is also formulated with [pentazocine] as an oral tablet for severe pain.[L33744]

Naloxone has been used off-label for the treatment of neuraxial opioid-induced pruritus.[A234604]"	OPRD1, OPRK1, ESR1, TLR4, CES1, OPRM1, CREB1	-0.2814985927834902	-1.1074294206811781	<0.0001
155	DB12742	Amuvatinib	Amuvatinib is a selective multi-targeted tyrosine kinase inhibitor that suppresses c-MET, c-RET and the mutant forms of c-KIT, PDGFR and FLT3. Amuvatinib also suppresses Rad51 protein, a critical component of double-stranded DNA repair in cancer cells.	FLT3, KIT, RAD51, MET, RET, PDGFRA	-0.2665403117479749	-2.3851440020813235	<0.0001
156	DB06080	Linifanib	Investigated for use/treatment in leukemia (myeloid), myelodysplastic syndrome, and solid tumors.	FLT4, FLT3, CSF1R, KDR, FLT1, KIT	-0.2665403117479749	1.2597317152491851	<0.0001
157	DB00490	Buspirone	Indicated for the management of anxiety disorders or the short-term relief of the symptoms of anxiety.[L4478]	DRD3, DRD2, HTR1A, ADRA1A, DRD4	-0.26330031431558215	-1.409555962218604	<0.0001
158	DB03374	3,5-Diiodotyrosine		PRSS1, IYD, PKIA, PRKACA	-0.2561438195611878	1.759823293362415	<0.0001
159	DB12695	Phenethyl Isothiocyanate		PSMC3, FBXO41, YWHAQ, TPM4, TUBA1A, ATP5F1B, ATP5MG, DIABLO, HSPB1, TPM1, TXN, ACTB, SMARCE1, S100A10, RANBP1, TUBA4A, TPM3, HSPA4, YWHAZ, PSMA3, HSPH1, NUDC, UCHL1, YWHAH, SF3A3, TUBB2A, ATP5ME, USP14, ACTA2, SUCLG2, PAPPA, HSPE1, TUBB3, TUBB1, YWHAB, TPD52L2, TUBA3C, TUBB4B, VIM, HNRNPK, MT-ND1, HNRNPF, VCP, CYB5B, YWHAE	-0.25347403040465566	1.6846579297216981	<0.0001
160	DB01645	Genistein	Currently Genistein is being studied in clinical trials as a treatment for prostate cancer.  	ESRRA, AKT1, NCOA2, GPER1, ESR2, ESR1, NR1I2, PTK2B, ESRRB, CYP1B1, TOP2A, NCOA1, SHBG	-0.23635191237456818	-1.8136452425477114	<0.0001
161	DB06486	Enzastaurin	Investigated for use/treatment in brain cancer, lymphoma (non-hodgkin's), and lung cancer.	AURKA, AURKB, AKT1, CDK15, CHEK2, PRKCB, PIK3R1, CHEK1	-0.2248143053813948	1.4286961028634206	<0.0001
162	DB08846	Ellagic acid	Ellagic acid is being investigated for use in follicular lymphoma, brain injury in intrauterine growth restricted babies, obese adolescents, and solar lentigines.	CA4, CA9, SYK, CA12, PRKCA, SQLE, CA14, CA5B, CA6, PRKACA, PRKCB, CA3, CA7, CA2, CSNK2A1, CA1, CA5A	-0.2134707579163535	1.7027461691744306	<0.0001
163	DB00436	Bendroflumethiazide	For the treatment of high blood pressure and management of edema related to heart failure.	CA4, SLC12A3, KCNMA1, CA2, CA1	-0.208501416312644	-1.225912348765097	<0.0001
164	DB01103	Quinacrine	For the treatment of giardiasis and cutaneous leishmaniasis and the management of malignant effusions.	PLCL1, PLA2G4A, PLA2G6	-0.20213791259485717	1.423947759928522	<0.0001
165	DB08901	Ponatinib	Ponatinib is indicated for the treatment of adult patients with chronic phase, accelerated phase, or blast phase chronic myeloid leukemia (CML) that is resistant or intolerant to prior tyrosine kinase inhibitor therapy or Philadelphia chromosome positive acute lymphoblastic leukemia (Ph+ALL) that is resistant or intolerant to prior tyrosine kinase inhibitor therapy.	FGFR3, BCR, KIT, ABL1, FLT3, LYN, TEK, FGFR2, KDR, FGFR1, FGFR4, SRC, LCK, RET, PDGFRA	-0.19900251065740399	-2.343499094003828	<0.0001
166	DB00575	Clonidine	"Clonidine tablets and transdermal systems are indicated for the treatment of hypertension alone or in combination with other medications.[L7237,L7240] A clonidine injection is indicated for use with opiates in the treatment of severe cancer pain where opiates alone are insufficient.[L7243] An extended release tablet of clonidine is indicated for the treatment of ADHD either alone or in combination with other medications.[L7246]

Clonidine is also used for the diagnosis of pheochromocytoma,[A180565] treatment of nicotine dependance,[A180568] and opiate withdrawal.[A180571]"	ADRA2C, ADRA1A, ADRA1B, ADRA2A, ADRA1D, ADRA2B	-0.16463208346029726	2.036663233557119	<0.0001
167	DB00679	Thioridazine	For the treatment of schizophrenia and generalized anxiety disorder.	DRD1, DRD2, HTR2A, ADRA1A, ADRA1B, KCNH2	-0.16463208346029726	-1.665923935981526	<0.0001
168	DB00908	Quinidine	For the treatment of ventricular pre-excitation and cardiac dysrhythmias	KCNK6, ADRA1A, KCNK1, ADRA1B, KCNH2, ADRA1D, SCN5A	-0.16463208346029726	1.512378687847693	<0.0001
169	DB00457	Prazosin	"This drug is indicated for the treatment of hypertension (high blood pressure). Prazosin can be given alone or given with other blood pressure-lowering drugs, including diuretics or beta-adrenergic blocking agents [FDA label].

Prazosin does not negatively impact lung function, and therefore may be used to manage hypertension in patients who are asthmatic or patients with chronic obstructive lung disease (COPD)[A176630]."	ADRA1A, KCNH2, ADRA1B, ADRA2A, ADRA1D, ADRA2B	-0.16463208346029726	-1.3796335928021584	<0.0001
170	DB01268	Sunitinib	For the treatment of advanced renal cell carcinoma as well as the treatment of gastrointestinal stromal tumor after disease progression on or intolerance to imatinib mesylate.	FLT4, FLT3, CSF1R, KDR, FLT1, KIT, PDGFRB, PDGFRA	-0.1177279661069493	-2.322453738466021	<0.0001
171	DB01118	Amiodarone	"The FDA approved indications for amiodarone are recurrent ventricular fibrillation (VF)
and recurrent hemodynamically unstable ventricular tachycardia (VT). The FDA emphasizes that this drug should only be given in these conditions when they are clinically documented and have not responded to normal therapeutic doses of other antiarrhythmic agents, or when other drugs are not tolerated by the patient.[L3561]

Off-label indications include atrial fibrillation and supraventricular tachycardia.[A189666,A189720,A189723,L11286]"	CACNA1I, CACNA1C, KCNH2, ADRB1, PPARGC1B, PPARG, PPARA	-0.1062593378620913	-2.1384664701423897	<0.0001
172	DB01136	Carvedilol	Carvedilol is indicated to treat mild to severe heart failure, left ventricular dysfunction after myocardial infarction with ventricular ejection fraction ≤40%, or hypertension.[L7889,L7892]	ADRA2C, NDUFC2, ADRA2A, GJA1, SELE, VCAM1, KCNJ2, VEGFA, NPPB, KCNJ4, ADRA1A, ADRB2, ADRA1B, KCNH2, ADRB1, HIF1A, ADRA1D, ADRA2B	-0.08109126464433287	-1.3481035485625974	<0.0001
173	DB03880	Batimastat		ADAMTS5, MMP8, MMP16, ADAM28, MMP12	-0.07440471680534756	1.510685333489413	<0.0001
174	DB03010	Patupilone	Investigated for use/treatment in ovarian cancer, lung cancer, brain cancer, breast cancer, and gastric cancer.	TUBA4A, TUBB, TUBA1C, TUBA3C, TUBB4B, TUBB4A, TUBA8, TUBA1B, TUBA1A, TUBB3, TUBB1	-0.07067586536524978	1.3093719199075549	<0.0001
175	DB00887	Bumetanide	For the treatment of edema associated with congestive heart failure, hepatic and renal disease including the nephrotic syndrome.	SLC12A5, SLC12A4, SLC12A1, SLC12A2, CFTR	-0.04716779796125823	-1.349470897369335	<0.0001
176	DB00800	Fenoldopam	For the in-hospital, short-term (up to 48 hours) management of severe hypertension when rapid, but quickly reversible, emergency reduction of blood pressure is clinically indicated, including malignant hypertension with deteriorating end-organ function.	DRD5, DRD1, ADRA2C, ADRA1A, ADRA1B, ADRA2A, ADRA1D, ADRA2B	-0.04129679489119107	1.401498141849447	<0.0001
177	DB02010	Staurosporine		CHRM1, PIK3CG, SYK, PDPK1, PIM1, CSK, ITK, GSK3B, PRKCQ, MAPKAPK2, LCK, CDK2, ZAP70	-0.03080531790373863	-1.6371080409639123	<0.0001
178	DB00477	Chlorpromazine	For the treatment of schizophrenia; to control nausea and vomiting; for relief of restlessness and apprehension before surgery; for acute intermittent porphyria; as an adjunct in the treatment of tetanus; to control the manifestations of the manic type of manic-depressive illness; for relief of intractable hiccups; for the treatment of severe behavioral problems in children (1 to 12 years of age) marked by combativeness and/or explosive hyperexcitable behavior (out of proportion to immediate provocations), and in the short-term treatment of hyperactive children who show excessive motor activity with accompanying conduct disorders consisting of some or all of the following symptoms: impulsivity, difficulty sustaining attention, aggressivity, mood lability, and poor frustration tolerance.	DRD1, DRD2, HTR1A, DRD5, ORM1, SMPD1, CALM1, HTR2A, ADRA2A, HTR2C, HTR7, CHRM1, DRD3, ADRA1A, HTR6, HRH4, ADRA1B, KCNH2, DRD4, CHRM3, HRH1	-0.028678573255647218	1.3350978574869263	<0.0001
179	DB06589	Pazopanib	Treatment of advanced renal cell cancer and advanced soft tissue sarcoma (in patients previously treated with chemotherapy) 	FGFR3, SH2B3, FLT4, KDR, ITK, FGF1, FLT1, KIT, PDGFRB, PDGFRA	-0.028440558722333958	2.345893492929874	<0.0001
180	DB11800	Tivozanib	Tivozanib is approved in the USA for the treatment of relapsed or refractory renal cell carcinoma in adult patients who have undergone two or more systemic therapies.[L32524] In the UK and other countries,  is indicated as first line therapy of adults with advanced renal cell carcinoma (RCC) and VEGFR and mTOR pathway inhibitor-naïve patients after disease progression following one previous treatment with cytokine therapy for advanced disease.[L17180] 	PTK6, FLT4, FLT3, MET, TEK, KDR, FGFR1, FLT1, KIT, PDGFRB, PDGFRA	0.004027589417526166	2.4915573152126385	<0.0001
181	DB00909	Zonisamide	For use as adjunctive treatment of partial seizures in adults with epilepsy.	CA4, CACNA1G, SCN2B, CA14, CA6, CA8, CA7, SCN11A, SCN1B, SCN4A, CA12, CACNA1H, CACNA1I, SCN2A, CA10, CA3, SCN3A, CA13, CA11, MAOA, CA1, SCN1A, CA5B, MAOB, CA9, SCN3B, SCN4B, SCN9A, CA2, SCN5A, CA5A	0.011620350932861782	1.839620311521011	<0.0001
182	DB00170	Menadione	The primary known function of vitamin K is to assist in the normal clotting of blood, but it may also play a role in normal bone calcification.	PROS1, VKORC1L1, NQO2, F9, VKORC1, NQO1, F2, BGLAP, PROC, GGCX	0.02423118474137432	-2.0088905700151063	<0.0001
183	DB08437	Puromycin		RPL19, RPL13A, RSL24D1, RPL3, RPL37, RPL10L, RPL26L1, RPL11, RPL23, RPL15, RPL8, RPL23A	0.02990614077665035	-1.3089280023464593	<0.0001
184	DB01149	Nefazodone	For the treatment of depression.	ADRA2A, HTR1A, HTR2A, ADRA1A, KCNH2, SLC6A4, SLC6A2, ADRA1B, HTR2C, SLC6A3	0.03270437825027263	1.3425493538158717	<0.0001
185	DB00321	Amitriptyline	"This drug in indicated for the following conditions [FDA label]:

Major depressive disorder in adults

Management of neuropathic pain in adults

Prophylactic treatment of chronic tension-type headache (CTTH) in adults

Prophylactic treatment of migraine in adults

Treatment of nocturnal enuresis in children aged 6 years and above when organic pathology, including spina bifida and related disorders, have been excluded and no response has been achieved to all other non-drug and drug treatments, including antispasmodics and vasopressin-related products. This product should only be prescribed by a healthcare professional with expertise in the management of persistent enuresis [FDA label]

Off-label uses: irritable bowel syndrome, sleep disorders, diabetic neuropathy, agitation, fibromyalgia, and insomnia "	HTR1A, SLC6A2, HTR1D, OPRK1, NTRK2, HTR2A, OPRM1, HRH2, ADRA2A, HTR2C, HTR7, CHRM1, OPRD1, KCNQ2, ADRA1A, NTRK1, HRH4, HTR6, ADRA1B, KCNH2, HTR1B, KCNA1, SLC6A4, ADRA1D, HRH1, SIGMAR1, KCNQ3	0.04594918498677025	1.090693620069308	<0.0001
186	DB07374	Anisomycin		RPL19, RPL13A, RSL24D1, RPL3, RPL37, SNU13, RPL10L, RPL26L1, RPL11, RPL23, RPL15, RPL8, RPL23A	0.05289098154891783	1.987032492253762	<0.0001
187	DB04946	Iloperidone	Treatment of acute schizophrenia. 	HTR7, DRD1, DRD3, ADRA2C, DRD2, HTR1A, HTR2A, ADRA1A, HTR6, DRD4, HRH1	0.05961389575625941	1.4071192364628946	<0.0001
188	DB00935	Oxymetazoline	"Oxymetazoline is indicated for the topical treatment of persistent facial erythema associated with rosacea in adults.[L15062]

Ophthalmic oxymetazoline is indicated for the treatment of acquired blepharoptosis in adults.[L15067]

When used in combination with tetracaine intranasally, oxymetazoline is indicated for regional anesthesia when performing a restorative procedure on Teeth 4-13 and A-J in adults and children who weigh 40 kg or more.[L15057]

Oxymetazoline can be found in over-the-counter nasal products as a nasal decongestant.[L15092]

For off-label uses, oxymetazoline has been used during nasal intubation and during ear, nose, and throat surgery to improve visualization of the airway and to minimize post-operative bleeding.[A215542]"	ADRA2C, HTR1D, HTR1A, ADRA1A, ADRA1B, ADRA2A, ADRA1D, HTR1B, ADRA2B	0.06762612132780702	1.6493917260100692	<0.0001
189	DB00159	Icosapent	EPA can be used for lowering elevated triglycerides in those who are hyperglyceridemic. In addition, EPA may play a therapeutic role in patients with cystic fibrosis by reducing disease severity and may play a similar role in type 2 diabetics in slowing the progression of diabetic nephropathy.	PPARD, PPARA, PTGS2, ACSL4, FFAR1, FABP7, TRPV1, PTGS1, PPARG, FADS1, SLC8A1	0.07923450039599701	1.785897521631128	<0.0001
190	DB00132	alpha-Linolenic acid	For nutritional supplementation and for treating dietary shortage or imbalance.	PPARD, ELOVL2, SLC8A1, NR1H4, FADS2, ELOVL5, TRPV1, FADS1, PPARG, PPARA, RXRA	0.07923450039599701	-1.2561727749851288	<0.0001
191	DB00368	Norepinephrine	Mainly used to treat patients in vasodilatory shock states such as septic shock and neurogenic shock and has shown a survival benefit over dopamine. Also used as a vasopressor medication for patients with critical hypotension.	ADRA2C, SLC18A1, ADRA1A, ADRB2, PAH, SLC18A2, ADRA1B, ADRA2A, ADRB1, ADRA1D, ADRB3, ADRA2B	0.0820384936779151	1.5813317046957884	<0.0001
192	DB09167	Dosulepin	Indicated in the treatment of symptoms of depressive illness, especially where an anti-anxiety effect is required.	CHRM1, CHRM2, HTR1A, HTR2A, ADRA1A, CHRM5, CHRM3, ADRA2A, SLC6A4, CHRM4, HRH1, SLC6A2	0.0820384936779151	1.3863831214724884	<0.0001
193	DB00162	Vitamin A	For the treatment of vitamin A deficiency.	DHRS4, RDH8, RDH12, RDH13, RDH11, LRAT, DHRS3, ALDH1A3, RDH14, RDH5, ALDH1A2, PTGDS, RETSAT, ALDH1A1, APOD	0.10024839170582586	1.800974245036796	<0.0001
194	DB00514	Dextromethorphan	Dextromethorphan is indicated in combination with [brompheniramine] and [pseudoephedrine] in the treatment of coughs and upper respiratory symptoms associated with allergies or the common cold.[L14366] Dextromethorphan is also used in combination with [guaifenesin] as an over-the-counter product to relieve a cough.[L14369] Dextromethorphan in combination with [quinidine] is indicated in the treatment of pseudobulbar affect.[L14363]	CHRNA3, OPRD1, CHRNA7, CYBB, CHRNB2, PGRMC1, OPRK1, GRIN3A, CHRNA4, OPRM1, SLC6A4, SLC6A2, CHRNA2, CHRNB4, SIGMAR1	0.100627528633242	1.5515041498910296	<0.0001
195	DB00934	Maprotiline	For treatment of depression, including the depressed phase of bipolar depression, psychotic depression, and involutional melancholia, and may also be helpful in treating certain patients suffering severe depressive neurosis.	HTR7, CHRM1, ADRA2A, CHRM2, DRD2, HTR2A, ADRA1A, CHRM5, CHRM3, SLC6A2, HTR2C, CHRM4, HRH1	0.10101315345777753	1.7135332328609645	<0.0001
196	DB00734	Risperidone	"Risperidone is indicated for the treatment of schizophrenia and irritability associated with autistic disorder.[L12885] It is also indicated as monotherapy, or adjunctly with lithium or valproic acid, for the treatment of acute mania or mixed episodes associated with bipolar I disorder.[L12885]

Risperidone is additionally indicated in Canada for the short-term symptomatic management of aggression or psychotic symptoms in patients with severe dementia of the Alzheimer type unresponsive to nonpharmacological approaches.[L12906]

Risperidone is also used off-label for a number of conditions including as an adjunct to antidepressants in treatment-resistant depression.[A177226]"	HTR7, ADRA2C, DRD1, HTR1D, DRD2, HTR1A, HTR2A, ADRA1A, ADRA1B, HTR2C, HRH1, ADRA2B	0.1328968586998871	-1.8345644816502684	<0.0001
197	DB00726	Trimipramine	For the treatment of depression and depression accompanied by anxiety, agitation or sleep disturbance	ADRA2A, DRD1, CHRM1, HTR1D, DRD2, HTR1A, HTR2A, ADRA1A, ADRB1, SLC6A4, SLC6A2, ADRA1B, HTR2C, SLC6A3, HRH1, HTR3A, ADRA2B	0.190488685792899	-1.9497161809023629	<0.0001
198	DB01200	Bromocriptine	For the treatment of galactorrhea due to hyperprolactinemia, prolactin-dependent menstrual disorders and infertility, prolactin-secreting adenomas, prolactin-dependent male hypogonadism, as adjunct therapy to surgery or radiotherapy for acromegaly or as monotherapy is special cases, as monotherapy in early Parksinsonian Syndrome or as an adjunct with levodopa in advanced cases with motor complications. Bromocriptine has also been used off-label to treat restless legs syndrome and neuroleptic malignant syndrome.	DRD5, ADRA2C, DRD3, DRD1, HTR7, HTR1D, HTR2B, DRD2, HTR1A, HTR2C, HTR2A, ADRA1A, ADRA1B, ADRA2A, DRD4, ADRA1D, HTR1B, ADRA2B	0.19816759607196724	-1.3078504462205323	<0.0001
199	DB02659	Cholic Acid	Oral cholic acid is indicated for: treatment of bile acid synthesis disorders due to single enzyme defects; and as adjunctive treatment of peroxisomal disorders including Zellweger spectrum disorders in patients who exhibit manifestations of liver disease, steatorrhea or complications from decreased fat soluble vitamin absorption. 	COX4I1, COX8A, COX7C, NR1H4, COX7A1, PLA2G1B, COX7B, MT-CO2, FECH, CES1, MT-CO1, ADH1C, MT-CO3, FABP6, COX6C, GPBAR1, COX6B1, ESRRG, COX5A, COX5B, COX6A2	0.2006413359437188	1.520999048938836	<0.0001
200	DB06148	Mianserin	For the treatment of depression.	DRD1, DRD2, HTR1A, SLC6A2, ADRA2C, OPRK1, HTR2A, ADRA2A, HTR2C, HTR7, DRD3, HTR2B, ADRA1A, HTR6, HRH4, HTR1F, SLC6A4, SLC6A3, HRH1, ADRA2B	0.21122174354638326	-1.3059399394093398	<0.0001
201	DB00248	Cabergoline	For the treatment of hyperprolactinemic disorders, either idiopathic or due to prolactinoma (prolactin-secreting adenomas). May also be used to manage symptoms of Parkinsonian Syndrome as monotherapy during initial symptomatic management or as an adjunct to levodopa therapy during advanced stages of disease. 	DRD1, DRD2, HTR1A, ADRB1, DRD5, ADRA2C, HTR1D, HTR2A, ADRA2A, ADRB2, HTR2C, HTR7, DRD3, HTR2B, ADRA1A, ADRA1B, DRD4, HTR1B, ADRA1D, ADRA2B	0.21122174354638326	1.2797977510279985	<0.0001
202	DB00433	Prochlorperazine	"Indicated for the symptomatic treatment of severe nausea and vomiting.[label]

Indicated for the management of manifestations of psychotic disorders, such as schizophrenia and generalized non-psychotic anxiety. The use of prochlorperazine for the management of generalized non-psychotic anxiety is typically not a first-line therapy and should be limited to doses of less than 20 mg per day or for shorter than 12 weeks.[label,L6634]

Off-label uses include use in emergency settings for adult and pediatric migraines. The American Headache Society recommends the use of prochlorperazine as the first-line medication in this setting. In pediatric migraines, a non-steroidal anti-inflammatory agent is often used in combination with dopamine antagonist.[L6637]"	ADRA1A, HRH1, DRD2, ADRA2A	-0.4113026605985096	1.2706628479696478	0.00021796327378914733
203	DB12191	Obatoclax		BCL2	-3.5592937402723455	1.2291243867421022	0.0008200154901860329
204	DB00420	Promazine	Used as an adjunct for short term treatment of moderate and severe psychomotor agitation. Also used to treat agitation or restlessness in the elderly.	CHRM1, DRD2, HTR2A, ADRA1A, HTR2C, HRH1	-0.16463208346029726	1.256179378071811	0.0008387999704061752
205	DB07996	5-(2-methylpiperazine-1-sulfonyl)isoquinoline		PKIA, PRKACA	-0.8409967099385032	1.2464080886490687	0.0012372025581584099
206	DB03424	Ubenimex	An adjuvant therapy used  for acute and chronic myelonous leukemia, lung cancer and nasopharyngeal cancer. It is also used to treat hypercholesterolaemia.	LTA4H	-2.6567707173022996	1.2168278973297926	0.0013231821290175519
207	DB14544	Hydrocortisone valerate	For the relief of the inflammatory and pruritic manifestations of corticosteroid-responsive dermatoses. Also used to treat endocrine (hormonal) disorders (adrenal insufficiency, Addisons disease). It is also used to treat many immune and allergic disorders, such as arthritis, lupus, severe psoriasis, severe asthma, ulcerative colitis, and Crohn's disease.	NR3C1, ANXA1, HSD3B1, HSD11B2	-0.8829187567724371	-1.2415517720048626	0.002611286102245229
208	DB00615	Rifabutin	For the prevention of disseminated <i>Mycobacterium avium</i> complex (MAC) disease in patients with advanced HIV infection.	HSP90AA1, HSP90B1	-2.1137051588150655	1.2175546304111977	0.0029299562778593506
209	DB01614	Acepromazine	Acepromazine was first used in humans in the 1950s as an antipsychotic agent. It is now rarely used in humans. Acepromazine is frequently used in animals as a sedative and antiemetic. Its principal value is in quietening and calming anxious animals.	DRD1, DRD2, HTR1A, HTR2A, ADRA1A, ADRA1B	-0.16463208346029726	1.2047345225073558	0.0033592497798948006
210	DB00635	Prednisone	Prednisone is indicated as an anti-inflammatory or immunosuppressive drug for allergic, dermatologic, gastrointestinal, hematologic, ophthalmologic, nervous system, renal, respiratory, rheumatologic, infectious, endocrine, or neoplastic conditions as well as in organ transplant.[L10502]	NR3C1	-4.517802239538131	-1.2182537204039852	0.004935918618716764
211	DB01175	Escitalopram	Escitalopram is indicated for both acute and maintenance treatment of major depressive disorder (MDD) and for the acute treatment of generalized anxiety disorder (GAD).[L8513] It is additionally indicated for symptomatic relief of obsessive-compulsive disorder (OCD) in Canada.[L8516]	CHRM1, DRD2, HTR1A, HTR2A, ADRA1A, SLC6A4, ADRA2A, HTR2C, SLC6A3, HRH1, SLC6A2	0.05961389575625941	-1.1716140824405992	0.007435838226111243
212	DB06780	Desoxycorticosterone acetate		NR3C2	-2.693036853412197	-1.1830851370031028	0.016954157112274347
213	DB00656	Trazodone	Trazodone is indicated for the treatment of major depressive disorder (MDD).[L3484] It has been used off-label for adjunct therapy in alcohol dependence, and off-label to treat anxiety and insomnia.[L3484] It may also be used off-label to treat symptoms of dementia, Alzheimer’s disease, schizophrenia, eating disorders, and fibromyalgia due to its effects on various neurotransmitter receptors.[A31634]	HTR1A, HTR2A, ADRA1A, SLC6A4, ADRA2A, HTR2C, HRH1	-0.0941547757065223	1.1395536860015214	0.02029649767358862
214	DB00794	Primidone	Primidone is commonly indicated for the management of grand mal, psychomotor, and focal epileptic seizures.[L4645,L11112] In addition, it has also been studied and utilized as an effective management of essential tremor.[A39414,A39415,L4645]	GRIA2, GRIK2, CHRNA7, GABRA1, CHRNA4, GABRA2, GABRA6, GABRA4, GABRA3, GABRA5	-0.7511576829259675	1.1810017304222205	0.02128244230991496
215	DB09202	Cirazoline		ADRA1A, ADRA1D, ADRA1B, ADRA2A	-0.4113026605985096	1.1068456237252375	0.028325235327949696
216	DB00568	Cinnarizine	For the treatment of vertigo/meniere's disease, nausea and vomiting, motion sickness and also useful for vestibular symptoms of other origins.	DRD1, CACNA1G, CACNA1S, CACNA1H, CACNA1I, CACNA1F, CACNA1C, CHRM1, CACNA1D, DRD2, HRH1	-0.153818502685415	-1.1633710106272144	0.035364934999645714
217	DB09286	Pipamperone	Treatment of chronic psychoses and states of aggressiveness of various origins [L1515].	DRD1, DRD3, HTR2B, DRD2, HTR2A, ADRA1A, ADRA2A, DRD4	-0.04129679489119107	1.1475672768511236	0.03719285871054752
218	DB08162	Fasudil		ROCK1, ROCK2, PKIA, PRKACA	-2.0813681992506226	1.1056564090590002	0.03860231528770855
219	DB08916	Afatinib	"Afatinib is a kinase inhibitor indicated as monotherapy [L2937] for the first-line [FDA Label] treatment of (a) Epidermal Growth Factor Receptor (EGFR) TKI (tyrosine kinase inhibitor)-naive adult patients with locally advanced or metastatic non-small cell lung cancer (NSCLC) whose tumours have non-resistant EGFR mutations as detected by an FDA-approved test [FDA Label], and (b) adult patients with locally advanced or metastatic NSCLC of squamous histology progressing on or after platinum-based chemotherapy [FDA Label, L2937].

Recently, as of January 2018, the US FDA approved a supplemental New Drug Application for Boehringer Ingelheim's Gilotrif (afatinib) for the first line treatment of patients with metastatic non-small cell lung cancer (NSCLC) whose tumors have non-resistant epidermal growth factor receptor (EGFR) mutations as detected by an FDA-approved test [L2939]. The new label includes data on three additional EGFR mutations: L861Q, G719X and S768I [L2939]."	EGFR, ERBB2, ERBB4	-2.6776583405082643	1.0984264506922425	0.04272923319568828
220	DB00875	Flupentixol	"Flupentixol is indicated for maintenance therapy of chronic schizophrenic patients whose main manifestations do not include excitement, agitation or hyperactivity.[L31808]

It is indicated for the management of depression in adult patients who may, or may not, also be showing signs of anxiety.[L31928]

Flupentixol in combination with [melitracen] is indicated to manage symptoms of anxiety, depression, and asthenia in adults.[L31923]"	DRD1, DRD3, CHRM1, DRD2, HTR2A, ADRA1A, HTR2C, DRD4	-0.04129679489119107	-1.1079398333678412	0.04374253303696164
221	DB01244	Bepridil	For the treatment of hypertension, and chronic stable angina (classic effort-associated angina).	CACNA2D2, CACNA1H, PDE1A, CALM1, KCNQ1, ATP1A1, PDE1B, TNNC1, KCNH2, CACNA1A	-0.12580028916874442	-1.1264137844150577	0.04855775874455139
222	DB11582	Thiocolchicoside	"
Thiocolchicoside is a  skeletal muscle-relaxant drug used in the treatment of orthopedic, traumatic and rheumatologic disorders [L1661]. It is indicated as an adjuvant drug in the treatment of painful muscle contractures and is indicated in acute spinal pathology, for adults and adolescents 16 years of age and older [L1658]. Recent studies have examined its effect on muscle tone, stiffness, contractures, and soreness experienced by athletes during sporting competitions [L1664]."	GABRA1, TNFSF11, GLRA1	-0.4841565711778048	1.1507574501105173	0.049556952856055485
223	DB01166	Cilostazol	Indicated for the alleviation of symptoms of intermittent claudication (pain in the legs that occurs with walking and disappears with rest).	PDE3A	-2.9482669953504117	-1.0874216696671386	0.05542692242403666
224	DB13345	Dihydroergocristine	Dihydroergocristine is used in some countries such as Brasil as a single agent for the treatment of cerebral and peripheric vascular events.[L2649] To know more about dihydroergocristine as part of the ergoloid mesylate mixture, please visit [DB01049].	ADRB1, DRD1, ADRA1A, HTR1A	-0.4113026605985096	-1.13250069103865	0.06553549244311362
225	DB00540	Nortriptyline	Nortriptyline is indicated for the relief of the symptoms of major depressive disorder (MDD).[L11878] Some off-label uses for this drug include treatment of chronic pain, myofascial pain, neuralgia, and irritable bowel syndrome.[A191083,L11878]	ADRA2A, CHRM1, PGRMC1, DRD2, HTR1A, HTR2A, ADRA1A, ADRB1, SLC6A4, SLC6A2, ADRA1B, HTR2C, ADRA1D, HRH1	-0.17068881765997931	1.1214159108727075	0.08223093501721793
226	DB00715	Paroxetine	Paroxetine is indicated for the management of depression, obsessive-compulsive disorder, panic disorder, social anxiety disorder, generalized anxiety disorder, posttraumatic stress disorder.[L3358] One form of paroxetine, commercially known as Brisdelle, is used to manage mild to moderate vasomotor symptoms of menopause.[L7703] Off-label, paroxetine may be used for the treatment of premature ejaculation or irritable bowel syndrome (IBS).[A1093,A181754,A181904]	CHRM1, DRD1, HTR2B, DRD2, HTR1A, HTR2A, ADRA1A, SLC6A4, ADRA2A, ADRB1, HRH1, SLC6A2	0.0820384936779151	1.1200259485665363	0.09358632710983684
227	DB00588	Fluticasone propionate	Fluticasone propionate is indicated as an inhaler for the treatment and management of asthma by prophylaxis[FDA Label]as well as inflammatory and pruritic dermatoses[F4355]. Fluticasone propionate nasal spray is indicated for managing allergic and nonallergic rhinitis[L8309,F4358].	PLA2G4A, NR3C2, NR3C1, PGR	-1.6383552378295183	-1.105955706012236	0.11279604642336218
228	DB01365	Mephentermine	Used to maintain blood pressure in hypotensive states.	ADRB1, ADRA1A	-1.1513143920131468	-1.0533484666430615	0.13027033928058473
229	DB00594	Amiloride	For use as adjunctive treatment with thiazide diuretics or other kaliuretic-diuretic agents in congestive heart failure or hypertension.	SCNN1B, ASIC1, ASIC2, SLC9A1, SCNN1A, AOC1, PLAU, SCNN1D, SCNN1G	0.07288547839819969	1.0977250452061897	0.15175333272914573
230	DB01388	Mibefradil	For the treatment of angina and high blood pressure.	CACNA1G, CACNA1S, CACNA1H, CACNA1I, CACNB3, CACNA1C, CACNB4, CACNA1D, CACNB2, CACNA1F, CACNB1	-0.565030357578762	1.0961430940286996	0.1710376604294526
231	DB00850	Perphenazine	For use in the management of the manifestations of psychotic disorders and for the control of severe nausea and vomiting in adults.	CALM1, DRD1, DRD2	-1.1863221291334456	1.0954660687406121	0.17381463448163537
232	DB06470	Clomethiazole	Investigated for use/treatment in strokes.	GABRA1	-2.109887855165669	-1.0718529523785143	0.1895506792058516
233	DB00939	Meclofenamic acid	For the relief of mild to moderate pain, for the treatment of primary dysmenorrhea and for the treatment of idiopathic heavy menstrual blood loss. Also for relief of the signs and symptoms of acute and chronic rheumatoid arthritis and osteoarthritis.	PTGS2, KCNQ2, ALOX5, PTGS1, KCNQ3	-0.10642891887976888	1.0695494832449097	0.1927055627229547
234	DB00975	Dipyridamole	For as an adjunct to coumarin anticoagulants in the prevention of postoperative thromboembolic complications of cardiac valve replacement and also used in prevention of angina.	ADA, PDE10A, ORM1, PDE4A, RCAN1, PDE5A	-0.9288734869383699	-1.0776560814776284	0.23016684915925548
235	DB07594	CCT-018159		HSP90AA1, HSP90AB1	-4.510462928540997	1.0686487665864388	0.2422218079673136
236	DB01195	Flecainide	In New Zealand and America, flecainide is indicated to prevent supraventricular arrhythmias and ventricular arrhythmias.[L8878] In the United States, it is also indicated to prevent paroxysmal atrial fibrillation and flutter.[A186886,L5056]	RYR2, SCN5A, SCN4A, KCNH2	-0.39773148946366843	-1.0682546668207888	0.24223448293819766
